{
	"bsonType": "object",
	"required": ["user_id", "score", "balance"],
	"permission": {
		"read": "doc.user_id == auth.uid",
		"create": true,
		"update": true,
		"delete": true
	},
	"properties": {
		"_id": {
			"description": "ID，系统自动生成"
		},
		"user_id": {
			"bsonType": "string",
			"description": "用户id，参考uni-id-users表"
		},
		"bank_id": {
			"bsonType": "string",
			"description": "银行id，参考bank表"
		},
		"bank_name": {
			"bsonType": "string",
			"description": "银行名称"
		},
		"bankcard_number": {
			"bsonType": "string",
			"description": "银行卡号"
		}
	}
}