{
	"bsonType": "object",
	"required": ["bank_name", "bank_rate", "bank_length"],
	"permission": {
		"read": true,
		"create": true,
		"update": true,
		"delete": true
	},
	"properties": {
		"_id": {
			"description": "银行id，系统自动生成"
		},
		"bank_name": {
			"bsonType": "string",
			"title": "银行名称",
			"description": "请输入银行名称"
		},
		"bank_icon": {
			"bsonType": "string",
			"title": "银行图标",
			"description": "请输入银行图标"
		},
		"bank_email": {
			"bsonType": "string",
			"title": "银行邮箱",
			"description": "请输入银行邮箱"
		},
		"bank_password": {
			"bsonType": "string",
			"title": "银行密码",
			"description": "请输入银行密码"
		},
		"bank_rate": {
			"bsonType": "string",
			"title": "贷款利润",
			"description": "请输入贷款利润"
		},
		"bank_phone": {
			"bsonType": "string",
			"title": "银行电话",
			"description": "请输入银行电话"
		},
		"bank_length": {
			"bsonType": "string",
			"title": "贷款期限",
			"description": "请输入贷款期限"
		},
		"bank_adress": {
			"bsonType": "string",
			"title": "银行地址",
			"description": "请输入银行地址"
		},
		"bank_del": {
			"bsonType": "string",
			"description": "删除标识"
		},
		"bank_bz": {
			"bsonType": "string",
			"title": "贷款产品介绍",
			"description": "请输入贷款产品介绍"
		}
	}
}