{
	"bsonType": "object",
	"required": [],
	"permission": {
		"read": true,
		"create": true,
		"update": true,
		"delete": true
	},
	"properties": {
		"_id": {
			"description": "放款id，系统自动生成"
		},
		"sen_bank_id": {
			"bsonType": "string",
			"description": "银行id"
		},
		"sen_cart_id": {
			"bsonType": "string",
			"description": "贷款id"
		},
		"sen_com_id": {
			"bsonType": "string",
			"description": "企业id"
		},
		"sen_account": {
			"bsonType": "string",
			"description": "放款账号"
		},
		"sen_uname": {
			"bsonType": "string",
			"description": "放款用户姓名"
		},
		"sen_uid": {
			"bsonType": "string",
			"description": "放款用户证件号"
		},
		"sen_money": {
			"bsonType": "string",
			"description": "放款金额"
		},
		"sen_time": {
			"bsonType": "timestamp",
			"description": "放款时间"
		},
		"sen_mode": {
			"bsonType": "string",
			"description": "放款方式 1，线上 2，线下"
		},
		"sen_status": {
			"bsonType": "string",
			"description": "放款状态 1，已发放 2，未发放"
		},
		"sen_del": {
			"bsonType": "string",
			"description": "删除标识"
		}
	}
}