{
	"bsonType": "object",
	"required": [],
	"permission": {
		"read": true,
		"create": true,
		"update": true,
		"delete": true
	},
	"properties": {
		"_id": {
			"description": "ID，系统自动生成"
		},
		"m_com_id": {
			"bsonType": "string",
			"description": "企业ID"
		},
		"m_loa_id": {
			"bsonType": "string",
			"description": "贷款ID"
		},
		"m_id_card": {
			"bsonType": "string",
			"description": "身份证号"
		},
		"m_six_run_water": {
			"bsonType": "string",
			"description": "近六个月流水"
		},
		"m_work": {
			"bsonType": "string",
			"description": "工作证明"
		},
		"m_report": {
			"bsonType": "string",
			"description": "征信报告"
		},
		"m_pawn": {
			"bsonType": "string",
			"description": "抵押物"
		},
		"m_del": {
			"bsonType": "string",
			"description": "删除标识 0 正常 2删除"
		}
	}
}