[
    {
        "IndexName": "article_id_",
        "MgoKeySchema": {
            "MgoIndexKeys": [
                {
                    "Name": "article_id",
                    "Direction": "1"
                }
            ],
            "MgoIsUnique": false
        }
    },
    {
        "IndexName": "user_id_",
        "MgoKeySchema": {
            "MgoIndexKeys": [
                {
                    "Name": "user_id",
                    "Direction": "1"
                }
            ],
            "MgoIsUnique": false
        }
    }
]