{
	"bsonType": "object",
	"required": [],
	"permission": {
		"read": true,
		"create": true,
		"update": true,
		"delete": true
	},
	"properties": {
		"_id": {
			"description": "ID，系统自动生成"
		},
		"ove_com_no": {
			"bsonType": "string",
			"description": "企业编号"
		},
		"ove_loa_id": {
			"bsonType": "string",
			"description": "贷款ID"
		},
		"ove_money": {
			"bsonType": "int",
			"description": "逾期金额"
		},
		"ove_start_time": {
			"bsonType": "timestamp",
			"description": "逾期开始时间"
		},
		"ove_last_time": {
			"bsonType": "timestamp",
			"description": "逾期结束时间"
		},
		"m_report": {
			"bsonType": "string",
			"description": "征信报告"
		},
		"ove_cut_count": {
			"bsonType": "int",
			"description": "减少积分数"
		},
		"ove_add_int": {
			"bsonType": "string",
			"description": "额外利息"
		},
		"ove_del": {
			"bsonType": "string",
			"description": "删除标识 0 正常 2 删除"
		}
	}
}