{
	"bsonType": "object",
	"required": [],
	"permission": {
		"read": true,
		"create": true,
		"update": true,
		"delete": true
	},
	"properties": {
		"_id": {
			"description": "ID，系统自动生成"
		},
		"ref_com_no": {
			"bsonType": "string",
			"description": "企业编号"
		},
		"ref_bank_id": {
			"bsonType": "string",
			"description": "银行id"
		},
		"ref_loa_id": {
			"bsonType": "int",
			"description": "贷款ID"
		},
		"ref_ove_id": {
			"bsonType": "string",
			"description": "逾期ID"
		},
		"ref_time": {
			"bsonType": "timestamp",
			"description": "还款时间"
		},
		"ref_money": {
			"bsonType": "int",
			"description": "还款金额"
		},
		"ref_mode": {
			"bsonType": "string",
			"description": "还款方式"
		},
		"ref_state": {
			"bsonType": "string",
			"description": "还款状态"
		},
		"ref_del": {
			"bsonType": "string",
			"description": "删除标识 0 正常 2 删除"
		},
		"ref_act_time": {
			"bsonType": "timestamp",
			"description": "实际还款时间"
		}
	}
}