{
	"bsonType": "object",
	"required": [],
	"permission": {
		"read": true,
		"create": true,
		"update": true,
		"delete": true
	},
	"properties": {
		"_id": {
			"description": "ID，系统自动生成"
		},
		"loa_no": {
			"bsonType": "string",
			"description": "贷款编号"
		},
		"com_name": {
			"bsonType": "string",
			"description": "企业名称"
		},
		"loa_money": {
			"bsonType": "int",
			"description": "贷款金额"
		},
		"loa_lis": {
			"bsonType": "int",
			"description": "贷款周期"
		},
		"apt_price": {
			"bsonType": "string",
			"description": "抵押物价值"
		},
		"month_account_min": {
			"bsonType": "int",
			"description": "月流水最小值"
		},
		"gross_liabilities": {
			"bsonType": "string",
			"description": "总负债值"
		},
		"credit_line": {
			"bsonType": "string",
			"description": "额度值"
		},
		"risk_del": {
			"bsonType": "string",
			"description": "是否删除"
		},
		"ref_del": {
			"bsonType": "string",
			"description": "删除标识 0 正常 2 删除"
		},
		"creInves_state": {
			"bsonType": "string",
			"description": "征信状态"
		}
	}
}