[
    {
        "IndexName": "create_time",
        "MgoKeySchema": {
            "MgoIndexKeys": [
                {
                    "Name": "create_time",
                    "Direction": "1"
                }
            ],
            "MgoIsUnique": false
        }
    },
    {
        "IndexName": "appid",
        "MgoKeySchema": {
            "MgoIndexKeys": [
                {
                    "Name": "appid",
                    "Direction": "1"
                }
            ],
            "MgoIsUnique": false
        }
    },
    {
        "IndexName": "page_id",
        "MgoKeySchema": {
            "MgoIndexKeys": [
                {
                    "Name": "page_id",
                    "Direction": "1"
                }
            ],
            "MgoIsUnique": false
        }
    }
]